名前,説明,
雷依,主人公。剣の腕が立つ。,
尤彌爾,主人公の幼馴染。主人公をリーダーにして自警団を結成した。,
諾普,主人公の幼馴染。体がとても大きい。細かいことによく気が付く。,
艾亞斯,回復を得意とする。レシナの街でメンバーに加入した。,
彼特,国一番の天才少年。耐久は低いが抜群の魔力を誇る。,
凡夫兵卒 A,追加で団に加わった雑兵。,
凡夫兵卒 B,追加で団に加わった雑兵。,
凡夫兵卒 C,追加で団に加わった雑兵。,
凡夫兵卒 D,追加で団に加わった雑兵。,
凡夫兵卒 E,追加で団に加わった雑兵。,
凡夫兵卒 F,追加で団に加わった雑兵。,
凡骨雑兵 G,追加で団に加わった雑兵。,
菁英兵卒 A,追加で団に加わった才能のある雑兵。,
菁英兵卒 B,追加で団に加わった才能のある雑兵。,
菁英兵卒 C,追加で団に加わった才能のある雑兵。,
菁英兵卒 D,追加で団に加わった才能のある雑兵。,
菁英兵卒 E,追加で団に加わった才能のある雑兵。,
菁英兵卒 F,追加で団に加わった才能のある雑兵。,
菁英兵卒 G,追加で団に加わった才能のある雑兵。,
教官 A,味方のステータスを上げられる。本人は弱い。,
?掘者 A,アイテムを発掘できる。戦闘力はそこそこ。,
槍士 A,槍の使い手。技の値が高い。,
槍士 B,槍の使い手。技の値が高い。,
槍士 C,槍の使い手。技の値が高い。,
醫師 A,回復を得意とする傭兵。,
醫師 B,回復を得意とする傭兵。,
醫師 C,回復を得意とする傭兵。,
煉金術師 A,薬品の知識を持つ職人。,
煉金術師 B,薬品の知識を持つ職人。,
煉金術師 C,薬品の知識を持つ職人。,
軍旗手 A,近くにいる味方のステータスを強化する。本人の耐久力は低い。,
軍旗手 B,近くにいる味方のステータスを強化する。本人の耐久力は低い。,
軍旗手 C,近くにいる味方のステータスを強化する。本人の耐久力は低い。,
一流戦士,高い体力と力、そのほかのバランスに優れたステータス。,
コモン君,実験,
前盜賊 A,盗賊になるつもりだった盗賊団が壊滅させられ、傭兵としての生き方を模索中。,
前盜賊 B,盗賊になるつもりだった盗賊団が壊滅させられ、傭兵としての生き方を模索中。,
前盜賊 C,盗賊になるつもりだった盗賊団が壊滅させられ、傭兵としての生き方を模索中。,
格鬥家A,己のコブシのみで戦う武道家。,
格鬥家B,己のコブシのみで戦う武道家。,
格鬥家C,己のコブシのみで戦う武道家。,
咒術師 A,敵の能力を下げることを得意とする魔術師。わりとHPが高い。,
咒術師 B,敵の能力を下げることを得意とする魔術師。わりとHPが高い。,
咒術師 C,敵の能力を下げることを得意とする魔術師。わりとHPが高い。,
村娘,おっとりした村のお姉さん。巨乳。,
勝ち気むすめ,勝気な村の娘。足技に自信がある。,
巨乳少女,おっぱいの大きな下級淫魔,
ちびっこ淫魔,幼げな見た目の下級淫魔,
足コキ淫魔,足コキが得意な下級淫魔,
初等部生徒,初等部の学生。生意気。,
初等部生徒,初等部の学生。恋に恋している。,
中等部生徒,中等部の学生。胸が大きいのが自慢。,
高等部生徒,高等部の学生。エリートであり実力も高い。,
モルジア,胸での攻撃を得意とする中級のサキュバス,
村の少女,教会に通っていた村の少女がサキュバス化した。,
敬虔な少女,教会の下女をやっていた女性が淫魔化した。ぱふぱふが得意。,
フェラ盗賊,元盗賊が淫魔化した。口で男を骨抜きにするのが得意。,
シスター,甘いフェロモンで男を魅了するのが得意なサキュバス,
巨乳エルフ,胸の大きいエルフ。恋人募集中。,
美脚エルフ,脚の美しいエルフ。人間を見下していた。,
アルラウネ,植物の魔物。花粉を飛ばして攻撃してくる,
美乳マーメイド,胸の美しい人魚。歌うのも得意。,
投げキッス人魚,投げキッスで男を魅了するのが好きな人魚。,
ラミア,蛇神と言われて崇められている。人間よりはるかに大きい。,
サキュバスエルフ,脚の美しいエルフが淫魔化した姿。胸が大きくなった。,
ダークエルフ,脚の美しいエルフが淫魔化した姿。,
サキュバスエルフ,胸の大きなエルフが淫魔化した姿。,
ダークアルラウネ,植物の魔物が淫魔化した姿。,
チェリッシュ,中級のサキュバス。獲物をもてあそぶのが好き。,
ドレインインプ,ドレインを得意とするインプ。HPと守備力を吸ってくる。,
